State/UT,Area,Indicator,Value
Arunachal Pradesh,Urban,Refused sale of tobacco because of age,60.36666666666667
Telangana,Rural,Refused sale of tobacco because of age,55.4
Uttarakhand,Urban,Refused sale of tobacco because of age,66.16666666666667
Karnataka,Rural,Refused sale of tobacco because of age,0.0
Andhra Pradesh,Urban,Refused sale of tobacco because of age,30.866666666666664
Mizoram,Total,Refused sale of tobacco because of age,15.299999999999999
Nagaland,Total,Refused sale of tobacco because of age,14.200000000000003
Andhra Pradesh,Rural,Refused sale of tobacco because of age,49.56666666666666
Arunachal Pradesh,Total,Refused sale of tobacco because of age,68.03333333333333
Odisha,Rural,Refused sale of tobacco because of age,75.36666666666667
Meghalaya,Total,Refused sale of tobacco because of age,53.26666666666667
Odisha,Urban,Refused sale of tobacco because of age,66.66666666666667
Puducherry,Urban,Refused sale of tobacco because of age,41.4
Arunachal Pradesh,Rural,Refused sale of tobacco because of age,80.89999999999999
Manipur,Rural,Refused sale of tobacco because of age,26.900000000000002
Tripura,Rural,Refused sale of tobacco because of age,62.93333333333334
Tamil Nadu,Rural,Refused sale of tobacco because of age,82.69999999999999
Sikkim,Total,Refused sale of tobacco because of age,53.79999999999999
Manipur,Total,Refused sale of tobacco because of age,31.233333333333334
Andaman and Nicobar Islands,Rural,Refused sale of tobacco because of age,53.93333333333333
Himachal Pradesh,Total,Refused sale of tobacco because of age,33.03333333333333
Uttar Pradesh,Total,Refused sale of tobacco because of age,77.83333333333333
Telangana,Urban,Refused sale of tobacco because of age,51.099999999999994
Tamil Nadu,Urban,Refused sale of tobacco because of age,86.46666666666665
Puducherry,Rural,Refused sale of tobacco because of age,23.333333333333332
Mizoram,Urban,Refused sale of tobacco because of age,11.166666666666666
Tripura,Urban,Refused sale of tobacco because of age,66.66666666666667
Uttarakhand,Total,Refused sale of tobacco because of age,56.1
Jharkhand,Total,Refused sale of tobacco because of age,74.23333333333333
West Bengal,Urban,Refused sale of tobacco because of age,13.266666666666666
Himachal Pradesh,Urban,Refused sale of tobacco because of age,32.233333333333334
Lakshadweep,Urban,Refused sale of tobacco because of age,38.26666666666667
Nagaland,Urban,Refused sale of tobacco because of age,9.133333333333333
Lakshadweep,Total,Refused sale of tobacco because of age,52.93333333333334
Uttarakhand,Rural,Refused sale of tobacco because of age,77.7
Tripura,Total,Refused sale of tobacco because of age,64.86666666666666
Bihar,Total,Refused sale of tobacco because of age,83.39999999999999
Assam,Urban,Refused sale of tobacco because of age,31.666666666666668
Andaman and Nicobar Islands,Total,Refused sale of tobacco because of age,45.06666666666666
Chhattisgarh,Total,Refused sale of tobacco because of age,69.76666666666667
Maharashtra,Urban,Refused sale of tobacco because of age,55.20000000000001
Meghalaya,Rural,Refused sale of tobacco because of age,59.13333333333333
Jharkhand,Urban,Refused sale of tobacco because of age,62.23333333333333
Himachal Pradesh,Rural,Refused sale of tobacco because of age,47.53333333333333
Goa,Rural,Refused sale of tobacco because of age,66.66666666666667
Gujarat,Rural,Refused sale of tobacco because of age,48.13333333333333
Andaman and Nicobar Islands,Urban,Refused sale of tobacco because of age,27.833333333333332
Odisha,Total,Refused sale of tobacco because of age,73.93333333333334
West Bengal,Total,Refused sale of tobacco because of age,32.6
Gujarat,Urban,Refused sale of tobacco because of age,70.93333333333334
Delhi,Total,Refused sale of tobacco because of age,68.56666666666666
Sikkim,Urban,Refused sale of tobacco because of age,52.6
Maharashtra,Total,Refused sale of tobacco because of age,62.76666666666666
Assam,Total,Refused sale of tobacco because of age,52.76666666666667
Uttar Pradesh,Rural,Refused sale of tobacco because of age,78.6
Mizoram,Rural,Refused sale of tobacco because of age,18.7
West Bengal,Rural,Refused sale of tobacco because of age,34.56666666666666
Haryana,Rural,Refused sale of tobacco because of age,56.26666666666667
Tamil Nadu,Total,Refused sale of tobacco because of age,83.36666666666666
Gujarat,Total,Refused sale of tobacco because of age,50.833333333333336
Kerala,Total,Refused sale of tobacco because of age,40.300000000000004
Nagaland,Rural,Refused sale of tobacco because of age,16.733333333333334
Lakshadweep,Rural,Refused sale of tobacco because of age,56.0
Punjab,Urban,Refused sale of tobacco because of age,44.56666666666666
Haryana,Urban,Refused sale of tobacco because of age,35.266666666666666
Punjab,Total,Refused sale of tobacco because of age,78.06666666666666
Karnataka,Urban,Refused sale of tobacco because of age,58.06666666666666
Assam,Rural,Refused sale of tobacco because of age,54.166666666666664
Bihar,Rural,Refused sale of tobacco because of age,83.26666666666667
Puducherry,Total,Refused sale of tobacco because of age,29.8
Rajasthan,Total,Refused sale of tobacco because of age,22.900000000000002
Maharashtra,Rural,Refused sale of tobacco because of age,78.23333333333333
Chandigarh,Urban,Refused sale of tobacco because of age,60.833333333333336
Haryana,Total,Refused sale of tobacco because of age,44.4
Chhattisgarh,Rural,Refused sale of tobacco because of age,73.63333333333333
Kerala,Rural,Refused sale of tobacco because of age,44.5
Madhya Pradesh,Rural,Refused sale of tobacco because of age,58.43333333333334
Rajasthan,Rural,Refused sale of tobacco because of age,22.5
Jharkhand,Rural,Refused sale of tobacco because of age,75.06666666666666
Chandigarh,Total,Refused sale of tobacco because of age,62.43333333333333
Madhya Pradesh,Total,Refused sale of tobacco because of age,58.300000000000004
Telangana,Total,Refused sale of tobacco because of age,52.86666666666667
Goa,Total,Refused sale of tobacco because of age,62.73333333333333
Andhra Pradesh,Total,Refused sale of tobacco because of age,46.633333333333326
Sikkim,Rural,Refused sale of tobacco because of age,58.53333333333333
Kerala,Urban,Refused sale of tobacco because of age,11.6
Goa,Urban,Refused sale of tobacco because of age,47.800000000000004
Uttar Pradesh,Urban,Refused sale of tobacco because of age,53.79999999999999
Punjab,Rural,Refused sale of tobacco because of age,78.26666666666667
Delhi,Urban,Refused sale of tobacco because of age,70.36666666666666
Karnataka,Total,Refused sale of tobacco because of age,0.0
Meghalaya,Urban,Refused sale of tobacco because of age,23.433333333333334
Manipur,Urban,Refused sale of tobacco because of age,69.03333333333333
Rajasthan,Urban,Refused sale of tobacco because of age,16.666666666666668
Madhya Pradesh,Urban,Refused sale of tobacco because of age,47.53333333333333
Delhi,Rural,Refused sale of tobacco because of age,52.9
Chhattisgarh,Urban,Refused sale of tobacco because of age,52.86666666666667
Bihar,Urban,Refused sale of tobacco because of age,51.666666666666664
Chandigarh,Rural,Refused sale of tobacco because of age,33.333333333333336
Jammu and Kashmir,Rural,Refused sale of tobacco because of age,-1.0
Jammu and Kashmir,Urban,Refused sale of tobacco because of age,-1.0
Jammu and Kashmir,Total,Refused sale of tobacco because of age,-1.0
Dadra and Daman and Diu,Rural,Refused sale of tobacco because of age,-1.0
Dadra and Daman and Diu,Urban,Refused sale of tobacco because of age,-1.0
Dadra and Daman and Diu,Total,Refused sale of tobacco because of age,-1.0
Arunachal Pradesh,Urban,School awareness against tobacco,52.77499999999999
Telangana,Rural,School awareness against tobacco,38.325
Uttarakhand,Urban,School awareness against tobacco,35.725
Karnataka,Rural,School awareness against tobacco,63.875
Andhra Pradesh,Urban,School awareness against tobacco,39.575
Mizoram,Total,School awareness against tobacco,77.375
Nagaland,Total,School awareness against tobacco,86.975
Andhra Pradesh,Rural,School awareness against tobacco,34.525
Arunachal Pradesh,Total,School awareness against tobacco,56.8
Odisha,Rural,School awareness against tobacco,44.45
Meghalaya,Total,School awareness against tobacco,80.2
Odisha,Urban,School awareness against tobacco,65.0
Puducherry,Urban,School awareness against tobacco,46.150000000000006
Arunachal Pradesh,Rural,School awareness against tobacco,59.6
Manipur,Rural,School awareness against tobacco,56.575
Tripura,Rural,School awareness against tobacco,67.125
Tamil Nadu,Rural,School awareness against tobacco,64.5
Sikkim,Total,School awareness against tobacco,76.375
Manipur,Total,School awareness against tobacco,64.575
Andaman and Nicobar Islands,Rural,School awareness against tobacco,63.650000000000006
Himachal Pradesh,Total,School awareness against tobacco,65.75
Uttar Pradesh,Total,School awareness against tobacco,82.45
Telangana,Urban,School awareness against tobacco,55.875
Tamil Nadu,Urban,School awareness against tobacco,53.35
Puducherry,Rural,School awareness against tobacco,52.8
Mizoram,Urban,School awareness against tobacco,70.85
Tripura,Urban,School awareness against tobacco,79.175
Uttarakhand,Total,School awareness against tobacco,48.224999999999994
Jharkhand,Total,School awareness against tobacco,79.69999999999999
West Bengal,Urban,School awareness against tobacco,71.4
Himachal Pradesh,Urban,School awareness against tobacco,50.0
Lakshadweep,Urban,School awareness against tobacco,75.0
Nagaland,Urban,School awareness against tobacco,85.425
Lakshadweep,Total,School awareness against tobacco,81.65
Uttarakhand,Rural,School awareness against tobacco,52.4
Tripura,Total,School awareness against tobacco,70.0
Bihar,Total,School awareness against tobacco,82.125
Assam,Urban,School awareness against tobacco,65.0
Andaman and Nicobar Islands,Total,School awareness against tobacco,58.4
Chhattisgarh,Total,School awareness against tobacco,69.375
Maharashtra,Urban,School awareness against tobacco,72.075
Meghalaya,Rural,School awareness against tobacco,76.375
Jharkhand,Urban,School awareness against tobacco,83.325
Himachal Pradesh,Rural,School awareness against tobacco,72.375
Goa,Rural,School awareness against tobacco,78.85
Gujarat,Rural,School awareness against tobacco,81.25
Andaman and Nicobar Islands,Urban,School awareness against tobacco,54.224999999999994
Odisha,Total,School awareness against tobacco,47.675
West Bengal,Total,School awareness against tobacco,84.275
Gujarat,Urban,School awareness against tobacco,80.375
Delhi,Total,School awareness against tobacco,82.5
Sikkim,Urban,School awareness against tobacco,78.125
Maharashtra,Total,School awareness against tobacco,75.725
Assam,Total,School awareness against tobacco,71.9
Uttar Pradesh,Rural,School awareness against tobacco,79.65
Mizoram,Rural,School awareness against tobacco,86.125
West Bengal,Rural,School awareness against tobacco,87.5
Haryana,Rural,School awareness against tobacco,82.9
Tamil Nadu,Total,School awareness against tobacco,59.574999999999996
Gujarat,Total,School awareness against tobacco,80.875
Kerala,Total,School awareness against tobacco,79.7
Nagaland,Rural,School awareness against tobacco,88.625
Lakshadweep,Rural,School awareness against tobacco,84.1
Punjab,Urban,School awareness against tobacco,81.825
Haryana,Urban,School awareness against tobacco,81.275
Punjab,Total,School awareness against tobacco,80.67500000000001
Karnataka,Urban,School awareness against tobacco,75.0
Assam,Rural,School awareness against tobacco,73.14999999999999
Bihar,Rural,School awareness against tobacco,81.475
Puducherry,Total,School awareness against tobacco,48.875
Rajasthan,Total,School awareness against tobacco,88.975
Maharashtra,Rural,School awareness against tobacco,79.15
Chandigarh,Urban,School awareness against tobacco,84.2
Haryana,Total,School awareness against tobacco,82.275
Chhattisgarh,Rural,School awareness against tobacco,65.92500000000001
Kerala,Rural,School awareness against tobacco,81.55
Madhya Pradesh,Rural,School awareness against tobacco,79.375
Rajasthan,Rural,School awareness against tobacco,89.0
Jharkhand,Rural,School awareness against tobacco,78.875
Chandigarh,Total,School awareness against tobacco,84.525
Madhya Pradesh,Total,School awareness against tobacco,82.375
Telangana,Total,School awareness against tobacco,47.65
Goa,Total,School awareness against tobacco,77.275
Andhra Pradesh,Total,School awareness against tobacco,36.375
Sikkim,Rural,School awareness against tobacco,75.0
Kerala,Urban,School awareness against tobacco,75.0
Goa,Urban,School awareness against tobacco,75.0
Uttar Pradesh,Urban,School awareness against tobacco,90.0
Punjab,Rural,School awareness against tobacco,80.0
Delhi,Urban,School awareness against tobacco,81.25
Karnataka,Total,School awareness against tobacco,68.55
Meghalaya,Urban,School awareness against tobacco,91.675
Manipur,Urban,School awareness against tobacco,95.0
Rajasthan,Urban,School awareness against tobacco,88.9
Madhya Pradesh,Urban,School awareness against tobacco,88.65
Delhi,Rural,School awareness against tobacco,87.5
Chhattisgarh,Urban,School awareness against tobacco,77.775
Bihar,Urban,School awareness against tobacco,87.5
Chandigarh,Rural,School awareness against tobacco,87.5
Jammu and Kashmir,Rural,School awareness against tobacco,-1.0
Jammu and Kashmir,Urban,School awareness against tobacco,-1.0
Jammu and Kashmir,Total,School awareness against tobacco,-1.0
Dadra and Daman and Diu,Rural,School awareness against tobacco,-1.0
Dadra and Daman and Diu,Urban,School awareness against tobacco,-1.0
Dadra and Daman and Diu,Total,School awareness against tobacco,-1.0
Arunachal Pradesh,Urban,Student awareness against tobacco,58.43333333333333
Telangana,Rural,Student awareness against tobacco,43.791666666666664
Uttarakhand,Urban,Student awareness against tobacco,49.633333333333326
Karnataka,Rural,Student awareness against tobacco,55.9
Andhra Pradesh,Urban,Student awareness against tobacco,48.73333333333333
Mizoram,Total,Student awareness against tobacco,66.50833333333334
Nagaland,Total,Student awareness against tobacco,56.041666666666664
Andhra Pradesh,Rural,Student awareness against tobacco,42.37500000000001
Arunachal Pradesh,Total,Student awareness against tobacco,54.34166666666667
Odisha,Rural,Student awareness against tobacco,34.824999999999996
Meghalaya,Total,Student awareness against tobacco,56.775000000000006
Odisha,Urban,Student awareness against tobacco,37.275
Puducherry,Urban,Student awareness against tobacco,45.81666666666667
Arunachal Pradesh,Rural,Student awareness against tobacco,47.324999999999996
Manipur,Rural,Student awareness against tobacco,50.425000000000004
Tripura,Rural,Student awareness against tobacco,37.5
Tamil Nadu,Rural,Student awareness against tobacco,43.21666666666667
Sikkim,Total,Student awareness against tobacco,56.741666666666674
Manipur,Total,Student awareness against tobacco,47.849999999999994
Andaman and Nicobar Islands,Rural,Student awareness against tobacco,48.75
Himachal Pradesh,Total,Student awareness against tobacco,39.18333333333334
Uttar Pradesh,Total,Student awareness against tobacco,47.599999999999994
Telangana,Urban,Student awareness against tobacco,52.43333333333334
Tamil Nadu,Urban,Student awareness against tobacco,46.71666666666667
Puducherry,Rural,Student awareness against tobacco,50.26666666666666
Mizoram,Urban,Student awareness against tobacco,70.15833333333333
Tripura,Urban,Student awareness against tobacco,50.974999999999994
Uttarakhand,Total,Student awareness against tobacco,41.925
Jharkhand,Total,Student awareness against tobacco,39.25833333333333
West Bengal,Urban,Student awareness against tobacco,53.775
Himachal Pradesh,Urban,Student awareness against tobacco,48.4
Lakshadweep,Urban,Student awareness against tobacco,55.66666666666668
Nagaland,Urban,Student awareness against tobacco,58.083333333333336
Lakshadweep,Total,Student awareness against tobacco,52.35
Uttarakhand,Rural,Student awareness against tobacco,38.89166666666666
Tripura,Total,Student awareness against tobacco,39.00833333333333
Bihar,Total,Student awareness against tobacco,45.875
Assam,Urban,Student awareness against tobacco,51.699999999999996
Andaman and Nicobar Islands,Total,Student awareness against tobacco,47.24166666666667
Chhattisgarh,Total,Student awareness against tobacco,51.59166666666667
Maharashtra,Urban,Student awareness against tobacco,48.20833333333334
Meghalaya,Rural,Student awareness against tobacco,54.81666666666666
Jharkhand,Urban,Student awareness against tobacco,56.62499999999999
Himachal Pradesh,Rural,Student awareness against tobacco,37.925
Goa,Rural,Student awareness against tobacco,48.90833333333333
Gujarat,Rural,Student awareness against tobacco,47.25833333333333
Andaman and Nicobar Islands,Urban,Student awareness against tobacco,44.93333333333333
Odisha,Total,Student awareness against tobacco,35.19166666666667
West Bengal,Total,Student awareness against tobacco,41.75833333333333
Gujarat,Urban,Student awareness against tobacco,48.09166666666667
Delhi,Total,Student awareness against tobacco,57.791666666666664
Sikkim,Urban,Student awareness against tobacco,57.375
Maharashtra,Total,Student awareness against tobacco,47.19166666666666
Assam,Total,Student awareness against tobacco,45.11666666666667
Uttar Pradesh,Rural,Student awareness against tobacco,47.541666666666664
Mizoram,Rural,Student awareness against tobacco,61.65
West Bengal,Rural,Student awareness against tobacco,40.50833333333333
Haryana,Rural,Student awareness against tobacco,52.63333333333335
Tamil Nadu,Total,Student awareness against tobacco,44.866666666666674
Gujarat,Total,Student awareness against tobacco,47.46666666666667
Kerala,Total,Student awareness against tobacco,55.14166666666666
Nagaland,Rural,Student awareness against tobacco,54.39166666666666
Lakshadweep,Rural,Student awareness against tobacco,51.5
Punjab,Urban,Student awareness against tobacco,53.48333333333334
Haryana,Urban,Student awareness against tobacco,51.791666666666664
Punjab,Total,Student awareness against tobacco,48.275
Karnataka,Urban,Student awareness against tobacco,58.00000000000001
Assam,Rural,Student awareness against tobacco,44.550000000000004
Bihar,Rural,Student awareness against tobacco,44.81666666666666
Puducherry,Total,Student awareness against tobacco,45.82500000000001
Rajasthan,Total,Student awareness against tobacco,55.69166666666667
Maharashtra,Rural,Student awareness against tobacco,46.15
Chandigarh,Urban,Student awareness against tobacco,54.541666666666664
Haryana,Total,Student awareness against tobacco,52.300000000000004
Chhattisgarh,Rural,Student awareness against tobacco,51.833333333333336
Kerala,Rural,Student awareness against tobacco,55.69166666666667
Madhya Pradesh,Rural,Student awareness against tobacco,45.449999999999996
Rajasthan,Rural,Student awareness against tobacco,55.1
Jharkhand,Rural,Student awareness against tobacco,36.324999999999996
Chandigarh,Total,Student awareness against tobacco,53.30833333333333
Madhya Pradesh,Total,Student awareness against tobacco,45.56666666666666
Telangana,Total,Student awareness against tobacco,48.61666666666667
Goa,Total,Student awareness against tobacco,48.550000000000004
Andhra Pradesh,Total,Student awareness against tobacco,44.56666666666666
Sikkim,Rural,Student awareness against tobacco,55.75000000000001
Kerala,Urban,Student awareness against tobacco,52.32500000000001
Goa,Urban,Student awareness against tobacco,47.98333333333333
Uttar Pradesh,Urban,Student awareness against tobacco,47.991666666666674
Punjab,Rural,Student awareness against tobacco,46.09166666666667
Delhi,Urban,Student awareness against tobacco,57.525
Karnataka,Total,Student awareness against tobacco,55.90833333333333
Meghalaya,Urban,Student awareness against tobacco,63.54999999999999
Manipur,Urban,Student awareness against tobacco,41.35833333333333
Rajasthan,Urban,Student awareness against tobacco,59.208333333333336
Madhya Pradesh,Urban,Student awareness against tobacco,46.333333333333336
Delhi,Rural,Student awareness against tobacco,64.99166666666667
Chhattisgarh,Urban,Student awareness against tobacco,50.50833333333333
Bihar,Urban,Student awareness against tobacco,63.80833333333334
Chandigarh,Rural,Student awareness against tobacco,27.349999999999998
Jammu and Kashmir,Rural,Student awareness against tobacco,-1.0
Jammu and Kashmir,Urban,Student awareness against tobacco,-1.0
Jammu and Kashmir,Total,Student awareness against tobacco,-1.0
Dadra and Daman and Diu,Rural,Student awareness against tobacco,-1.0
Dadra and Daman and Diu,Urban,Student awareness against tobacco,-1.0
Dadra and Daman and Diu,Total,Student awareness against tobacco,-1.0
Arunachal Pradesh,Urban,Consumed tobacco in the last 30 days,12.8
Telangana,Rural,Consumed tobacco in the last 30 days,43.55
Uttarakhand,Urban,Consumed tobacco in the last 30 days,35.35
Karnataka,Rural,Consumed tobacco in the last 30 days,100.0
Andhra Pradesh,Urban,Consumed tobacco in the last 30 days,40.85
Mizoram,Total,Consumed tobacco in the last 30 days,49.5
Nagaland,Total,Consumed tobacco in the last 30 days,50.3
Andhra Pradesh,Rural,Consumed tobacco in the last 30 days,47.45
Arunachal Pradesh,Total,Consumed tobacco in the last 30 days,18.65
Odisha,Rural,Consumed tobacco in the last 30 days,13.25
Meghalaya,Total,Consumed tobacco in the last 30 days,53.150000000000006
Odisha,Urban,Consumed tobacco in the last 30 days,32.75
Puducherry,Urban,Consumed tobacco in the last 30 days,11.55
Arunachal Pradesh,Rural,Consumed tobacco in the last 30 days,30.05
Manipur,Rural,Consumed tobacco in the last 30 days,43.95
Tripura,Rural,Consumed tobacco in the last 30 days,45.0
Tamil Nadu,Rural,Consumed tobacco in the last 30 days,33.85
Sikkim,Total,Consumed tobacco in the last 30 days,46.65
Manipur,Total,Consumed tobacco in the last 30 days,42.95
Andaman and Nicobar Islands,Rural,Consumed tobacco in the last 30 days,40.5
Himachal Pradesh,Total,Consumed tobacco in the last 30 days,60.55
Uttar Pradesh,Total,Consumed tobacco in the last 30 days,24.0
Telangana,Urban,Consumed tobacco in the last 30 days,52.8
Tamil Nadu,Urban,Consumed tobacco in the last 30 days,18.35
Puducherry,Rural,Consumed tobacco in the last 30 days,51.6
Mizoram,Urban,Consumed tobacco in the last 30 days,56.150000000000006
Tripura,Urban,Consumed tobacco in the last 30 days,0.0
Uttarakhand,Total,Consumed tobacco in the last 30 days,30.4
Jharkhand,Total,Consumed tobacco in the last 30 days,27.0
West Bengal,Urban,Consumed tobacco in the last 30 days,41.05
Himachal Pradesh,Urban,Consumed tobacco in the last 30 days,97.85
Lakshadweep,Urban,Consumed tobacco in the last 30 days,24.6
Nagaland,Urban,Consumed tobacco in the last 30 days,47.75
Lakshadweep,Total,Consumed tobacco in the last 30 days,33.85
Uttarakhand,Rural,Consumed tobacco in the last 30 days,26.700000000000003
Tripura,Total,Consumed tobacco in the last 30 days,44.25
Bihar,Total,Consumed tobacco in the last 30 days,42.0
Assam,Urban,Consumed tobacco in the last 30 days,71.94999999999999
Andaman and Nicobar Islands,Total,Consumed tobacco in the last 30 days,43.650000000000006
Chhattisgarh,Total,Consumed tobacco in the last 30 days,27.9
Maharashtra,Urban,Consumed tobacco in the last 30 days,31.3
Meghalaya,Rural,Consumed tobacco in the last 30 days,54.75
Jharkhand,Urban,Consumed tobacco in the last 30 days,47.55
Himachal Pradesh,Rural,Consumed tobacco in the last 30 days,33.6
Goa,Rural,Consumed tobacco in the last 30 days,0.0
Gujarat,Rural,Consumed tobacco in the last 30 days,63.4
Andaman and Nicobar Islands,Urban,Consumed tobacco in the last 30 days,48.25
Odisha,Total,Consumed tobacco in the last 30 days,14.9
West Bengal,Total,Consumed tobacco in the last 30 days,32.95
Gujarat,Urban,Consumed tobacco in the last 30 days,36.3
Delhi,Total,Consumed tobacco in the last 30 days,17.05
Sikkim,Urban,Consumed tobacco in the last 30 days,51.900000000000006
Maharashtra,Total,Consumed tobacco in the last 30 days,31.55
Assam,Total,Consumed tobacco in the last 30 days,28.85
Uttar Pradesh,Rural,Consumed tobacco in the last 30 days,24.0
Mizoram,Rural,Consumed tobacco in the last 30 days,41.2
West Bengal,Rural,Consumed tobacco in the last 30 days,32.400000000000006
Haryana,Rural,Consumed tobacco in the last 30 days,9.100000000000001
Tamil Nadu,Total,Consumed tobacco in the last 30 days,22.6
Gujarat,Total,Consumed tobacco in the last 30 days,60.800000000000004
Kerala,Total,Consumed tobacco in the last 30 days,40.400000000000006
Nagaland,Rural,Consumed tobacco in the last 30 days,51.7
Lakshadweep,Rural,Consumed tobacco in the last 30 days,35.45
Punjab,Urban,Consumed tobacco in the last 30 days,27.349999999999998
Haryana,Urban,Consumed tobacco in the last 30 days,42.1
Punjab,Total,Consumed tobacco in the last 30 days,24.65
Karnataka,Urban,Consumed tobacco in the last 30 days,32.5
Assam,Rural,Consumed tobacco in the last 30 days,26.05
Bihar,Rural,Consumed tobacco in the last 30 days,38.65
Puducherry,Total,Consumed tobacco in the last 30 days,35.9
Rajasthan,Total,Consumed tobacco in the last 30 days,33.2
Maharashtra,Rural,Consumed tobacco in the last 30 days,33.599999999999994
Chandigarh,Urban,Consumed tobacco in the last 30 days,48.400000000000006
Haryana,Total,Consumed tobacco in the last 30 days,28.6
Chhattisgarh,Rural,Consumed tobacco in the last 30 days,27.1
Kerala,Rural,Consumed tobacco in the last 30 days,38.650000000000006
Madhya Pradesh,Rural,Consumed tobacco in the last 30 days,29.9
Rajasthan,Rural,Consumed tobacco in the last 30 days,33.45
Jharkhand,Rural,Consumed tobacco in the last 30 days,25.2
Chandigarh,Total,Consumed tobacco in the last 30 days,44.25
Madhya Pradesh,Total,Consumed tobacco in the last 30 days,30.15
Telangana,Total,Consumed tobacco in the last 30 days,47.25
Goa,Total,Consumed tobacco in the last 30 days,34.35
Andhra Pradesh,Total,Consumed tobacco in the last 30 days,46.2
Sikkim,Rural,Consumed tobacco in the last 30 days,36.95
Kerala,Urban,Consumed tobacco in the last 30 days,68.69999999999999
Goa,Urban,Consumed tobacco in the last 30 days,61.25
Uttar Pradesh,Urban,Consumed tobacco in the last 30 days,22.9
Punjab,Rural,Consumed tobacco in the last 30 days,24.45
Delhi,Urban,Consumed tobacco in the last 30 days,16.85
Karnataka,Total,Consumed tobacco in the last 30 days,100.0
Meghalaya,Urban,Consumed tobacco in the last 30 days,40.25
Manipur,Urban,Consumed tobacco in the last 30 days,55.75
Rajasthan,Urban,Consumed tobacco in the last 30 days,19.85
Madhya Pradesh,Urban,Consumed tobacco in the last 30 days,40.1
Delhi,Rural,Consumed tobacco in the last 30 days,34.3
Chhattisgarh,Urban,Consumed tobacco in the last 30 days,31.8
Bihar,Urban,Consumed tobacco in the last 30 days,65.95
Chandigarh,Rural,Consumed tobacco in the last 30 days,0.0
Jammu and Kashmir,Rural,Consumed tobacco in the last 30 days,-1.0
Jammu and Kashmir,Urban,Consumed tobacco in the last 30 days,-1.0
Jammu and Kashmir,Total,Consumed tobacco in the last 30 days,-1.0
Dadra and Daman and Diu,Rural,Consumed tobacco in the last 30 days,-1.0
Dadra and Daman and Diu,Urban,Consumed tobacco in the last 30 days,-1.0
Dadra and Daman and Diu,Total,Consumed tobacco in the last 30 days,-1.0
Arunachal Pradesh,Urban,Exposure to tobacco,59.7
Telangana,Rural,Exposure to tobacco,28.240000000000002
Uttarakhand,Urban,Exposure to tobacco,34.7
Karnataka,Rural,Exposure to tobacco,18.32
Andhra Pradesh,Urban,Exposure to tobacco,16.3
Mizoram,Total,Exposure to tobacco,56.459999999999994
Nagaland,Total,Exposure to tobacco,49.0
Andhra Pradesh,Rural,Exposure to tobacco,22.78
Arunachal Pradesh,Total,Exposure to tobacco,59.17999999999999
Odisha,Rural,Exposure to tobacco,14.62
Meghalaya,Total,Exposure to tobacco,54.1
Odisha,Urban,Exposure to tobacco,12.14
Puducherry,Urban,Exposure to tobacco,30.02
Arunachal Pradesh,Rural,Exposure to tobacco,58.34000000000001
Manipur,Rural,Exposure to tobacco,39.18
Tripura,Rural,Exposure to tobacco,28.080000000000002
Tamil Nadu,Rural,Exposure to tobacco,31.860000000000003
Sikkim,Total,Exposure to tobacco,37.2
Manipur,Total,Exposure to tobacco,37.7
Andaman and Nicobar Islands,Rural,Exposure to tobacco,25.839999999999996
Himachal Pradesh,Total,Exposure to tobacco,9.26
Uttar Pradesh,Total,Exposure to tobacco,26.360000000000003
Telangana,Urban,Exposure to tobacco,27.339999999999996
Tamil Nadu,Urban,Exposure to tobacco,29.159999999999997
Puducherry,Rural,Exposure to tobacco,20.720000000000002
Mizoram,Urban,Exposure to tobacco,57.67999999999999
Tripura,Urban,Exposure to tobacco,39.040000000000006
Uttarakhand,Total,Exposure to tobacco,26.68
Jharkhand,Total,Exposure to tobacco,17.8
West Bengal,Urban,Exposure to tobacco,49.720000000000006
Himachal Pradesh,Urban,Exposure to tobacco,19.439999999999998
Lakshadweep,Urban,Exposure to tobacco,33.959999999999994
Nagaland,Urban,Exposure to tobacco,45.6
Lakshadweep,Total,Exposure to tobacco,30.6
Uttarakhand,Rural,Exposure to tobacco,23.56
Tripura,Total,Exposure to tobacco,29.3
Bihar,Total,Exposure to tobacco,15.219999999999999
Assam,Urban,Exposure to tobacco,31.6
Andaman and Nicobar Islands,Total,Exposure to tobacco,25.080000000000002
Chhattisgarh,Total,Exposure to tobacco,26.24
Maharashtra,Urban,Exposure to tobacco,25.2
Meghalaya,Rural,Exposure to tobacco,53.82000000000001
Jharkhand,Urban,Exposure to tobacco,20.580000000000002
Himachal Pradesh,Rural,Exposure to tobacco,7.88
Goa,Rural,Exposure to tobacco,19.42
Gujarat,Rural,Exposure to tobacco,23.440000000000005
Andaman and Nicobar Islands,Urban,Exposure to tobacco,23.9
Odisha,Total,Exposure to tobacco,14.219999999999999
West Bengal,Total,Exposure to tobacco,40.2
Gujarat,Urban,Exposure to tobacco,23.5
Delhi,Total,Exposure to tobacco,26.82
Sikkim,Urban,Exposure to tobacco,36.019999999999996
Maharashtra,Total,Exposure to tobacco,24.119999999999997
Assam,Total,Exposure to tobacco,18.720000000000002
Uttar Pradesh,Rural,Exposure to tobacco,27.119999999999997
Mizoram,Rural,Exposure to tobacco,54.8
West Bengal,Rural,Exposure to tobacco,39.2
Haryana,Rural,Exposure to tobacco,16.46
Tamil Nadu,Total,Exposure to tobacco,30.6
Gujarat,Total,Exposure to tobacco,23.46
Kerala,Total,Exposure to tobacco,20.880000000000003
Nagaland,Rural,Exposure to tobacco,51.8
Lakshadweep,Rural,Exposure to tobacco,29.779999999999994
Punjab,Urban,Exposure to tobacco,14.38
Haryana,Urban,Exposure to tobacco,19.1
Punjab,Total,Exposure to tobacco,11.44
Karnataka,Urban,Exposure to tobacco,0.58
Assam,Rural,Exposure to tobacco,17.64
Bihar,Rural,Exposure to tobacco,14.460000000000003
Puducherry,Total,Exposure to tobacco,29.98
Rajasthan,Total,Exposure to tobacco,17.46
Maharashtra,Rural,Exposure to tobacco,22.979999999999997
Chandigarh,Urban,Exposure to tobacco,19.119999999999997
Haryana,Total,Exposure to tobacco,17.52
Chhattisgarh,Rural,Exposure to tobacco,27.72
Kerala,Rural,Exposure to tobacco,21.479999999999997
Madhya Pradesh,Rural,Exposure to tobacco,18.9
Rajasthan,Rural,Exposure to tobacco,17.46
Jharkhand,Rural,Exposure to tobacco,17.32
Chandigarh,Total,Exposure to tobacco,18.619999999999997
Madhya Pradesh,Total,Exposure to tobacco,18.619999999999997
Telangana,Total,Exposure to tobacco,27.72
Goa,Total,Exposure to tobacco,17.880000000000003
Andhra Pradesh,Total,Exposure to tobacco,20.54
Sikkim,Rural,Exposure to tobacco,39.0
Kerala,Urban,Exposure to tobacco,17.660000000000004
Goa,Urban,Exposure to tobacco,15.48
Uttar Pradesh,Urban,Exposure to tobacco,21.339999999999996
Punjab,Rural,Exposure to tobacco,10.18
Delhi,Urban,Exposure to tobacco,27.0
Karnataka,Total,Exposure to tobacco,18.240000000000002
Meghalaya,Urban,Exposure to tobacco,54.96
Manipur,Urban,Exposure to tobacco,33.92
Rajasthan,Urban,Exposure to tobacco,17.359999999999996
Madhya Pradesh,Urban,Exposure to tobacco,16.54
Delhi,Rural,Exposure to tobacco,22.060000000000002
Chhattisgarh,Urban,Exposure to tobacco,19.74
Bihar,Urban,Exposure to tobacco,28.720000000000006
Chandigarh,Rural,Exposure to tobacco,8.08
Jammu and Kashmir,Rural,Exposure to tobacco,-1.0
Jammu and Kashmir,Urban,Exposure to tobacco,-1.0
Jammu and Kashmir,Total,Exposure to tobacco,-1.0
Dadra and Daman and Diu,Rural,Exposure to tobacco,-1.0
Dadra and Daman and Diu,Urban,Exposure to tobacco,-1.0
Dadra and Daman and Diu,Total,Exposure to tobacco,-1.0
Arunachal Pradesh,Urban,Average tendency to quit tobacco in the last 12 months,17.3
Telangana,Rural,Average tendency to quit tobacco in the last 12 months,29.233333333333334
Uttarakhand,Urban,Average tendency to quit tobacco in the last 12 months,8.966666666666667
Karnataka,Rural,Average tendency to quit tobacco in the last 12 months,50.0
Andhra Pradesh,Urban,Average tendency to quit tobacco in the last 12 months,48.98333333333333
Mizoram,Total,Average tendency to quit tobacco in the last 12 months,43.11666666666667
Nagaland,Total,Average tendency to quit tobacco in the last 12 months,54.833333333333336
Andhra Pradesh,Rural,Average tendency to quit tobacco in the last 12 months,24.666666666666668
Arunachal Pradesh,Total,Average tendency to quit tobacco in the last 12 months,22.75
Odisha,Rural,Average tendency to quit tobacco in the last 12 months,23.066666666666666
Meghalaya,Total,Average tendency to quit tobacco in the last 12 months,51.35
Odisha,Urban,Average tendency to quit tobacco in the last 12 months,10.35
Puducherry,Urban,Average tendency to quit tobacco in the last 12 months,4.1499999999999995
Arunachal Pradesh,Rural,Average tendency to quit tobacco in the last 12 months,33.75
Manipur,Rural,Average tendency to quit tobacco in the last 12 months,39.36666666666667
Tripura,Rural,Average tendency to quit tobacco in the last 12 months,21.150000000000002
Tamil Nadu,Rural,Average tendency to quit tobacco in the last 12 months,11.233333333333333
Sikkim,Total,Average tendency to quit tobacco in the last 12 months,41.36666666666667
Manipur,Total,Average tendency to quit tobacco in the last 12 months,41.583333333333336
Andaman and Nicobar Islands,Rural,Average tendency to quit tobacco in the last 12 months,21.016666666666666
Himachal Pradesh,Total,Average tendency to quit tobacco in the last 12 months,4.683333333333334
Uttar Pradesh,Total,Average tendency to quit tobacco in the last 12 months,11.116666666666667
Telangana,Urban,Average tendency to quit tobacco in the last 12 months,13.866666666666667
Tamil Nadu,Urban,Average tendency to quit tobacco in the last 12 months,20.05
Puducherry,Rural,Average tendency to quit tobacco in the last 12 months,20.983333333333334
Mizoram,Urban,Average tendency to quit tobacco in the last 12 months,45.26666666666667
Tripura,Urban,Average tendency to quit tobacco in the last 12 months,24.25
Uttarakhand,Total,Average tendency to quit tobacco in the last 12 months,11.733333333333333
Jharkhand,Total,Average tendency to quit tobacco in the last 12 months,16.616666666666667
West Bengal,Urban,Average tendency to quit tobacco in the last 12 months,27.48333333333333
Himachal Pradesh,Urban,Average tendency to quit tobacco in the last 12 months,9.700000000000001
Lakshadweep,Urban,Average tendency to quit tobacco in the last 12 months,37.03333333333333
Nagaland,Urban,Average tendency to quit tobacco in the last 12 months,51.54999999999999
Lakshadweep,Total,Average tendency to quit tobacco in the last 12 months,33.28333333333334
Uttarakhand,Rural,Average tendency to quit tobacco in the last 12 months,12.450000000000001
Tripura,Total,Average tendency to quit tobacco in the last 12 months,21.683333333333334
Bihar,Total,Average tendency to quit tobacco in the last 12 months,14.783333333333333
Assam,Urban,Average tendency to quit tobacco in the last 12 months,48.083333333333336
Andaman and Nicobar Islands,Total,Average tendency to quit tobacco in the last 12 months,19.266666666666662
Chhattisgarh,Total,Average tendency to quit tobacco in the last 12 months,25.55
Maharashtra,Urban,Average tendency to quit tobacco in the last 12 months,20.183333333333334
Meghalaya,Rural,Average tendency to quit tobacco in the last 12 months,52.65
Jharkhand,Urban,Average tendency to quit tobacco in the last 12 months,16.916666666666668
Himachal Pradesh,Rural,Average tendency to quit tobacco in the last 12 months,4.433333333333333
Goa,Rural,Average tendency to quit tobacco in the last 12 months,14.850000000000001
Gujarat,Rural,Average tendency to quit tobacco in the last 12 months,52.31666666666666
Andaman and Nicobar Islands,Urban,Average tendency to quit tobacco in the last 12 months,15.416666666666666
Odisha,Total,Average tendency to quit tobacco in the last 12 months,21.366666666666664
West Bengal,Total,Average tendency to quit tobacco in the last 12 months,22.683333333333337
Gujarat,Urban,Average tendency to quit tobacco in the last 12 months,58.599999999999994
Delhi,Total,Average tendency to quit tobacco in the last 12 months,13.0
Sikkim,Urban,Average tendency to quit tobacco in the last 12 months,41.48333333333334
Maharashtra,Total,Average tendency to quit tobacco in the last 12 months,16.95
Assam,Total,Average tendency to quit tobacco in the last 12 months,17.816666666666666
Uttar Pradesh,Rural,Average tendency to quit tobacco in the last 12 months,11.15
Mizoram,Rural,Average tendency to quit tobacco in the last 12 months,39.61666666666667
West Bengal,Rural,Average tendency to quit tobacco in the last 12 months,21.916666666666668
Haryana,Rural,Average tendency to quit tobacco in the last 12 months,15.516666666666666
Tamil Nadu,Total,Average tendency to quit tobacco in the last 12 months,16.533333333333335
Gujarat,Total,Average tendency to quit tobacco in the last 12 months,53.26666666666667
Kerala,Total,Average tendency to quit tobacco in the last 12 months,33.76666666666667
Nagaland,Rural,Average tendency to quit tobacco in the last 12 months,56.83333333333334
Lakshadweep,Rural,Average tendency to quit tobacco in the last 12 months,32.38333333333333
Punjab,Urban,Average tendency to quit tobacco in the last 12 months,4.216666666666667
Haryana,Urban,Average tendency to quit tobacco in the last 12 months,7.400000000000001
Punjab,Total,Average tendency to quit tobacco in the last 12 months,19.399999999999995
Karnataka,Urban,Average tendency to quit tobacco in the last 12 months,32.06666666666667
Assam,Rural,Average tendency to quit tobacco in the last 12 months,16.45
Bihar,Rural,Average tendency to quit tobacco in the last 12 months,14.25
Puducherry,Total,Average tendency to quit tobacco in the last 12 months,4.216666666666668
Rajasthan,Total,Average tendency to quit tobacco in the last 12 months,43.63333333333333
Maharashtra,Rural,Average tendency to quit tobacco in the last 12 months,13.933333333333335
Chandigarh,Urban,Average tendency to quit tobacco in the last 12 months,12.200000000000001
Haryana,Total,Average tendency to quit tobacco in the last 12 months,10.466666666666669
Chhattisgarh,Rural,Average tendency to quit tobacco in the last 12 months,25.266666666666666
Kerala,Rural,Average tendency to quit tobacco in the last 12 months,33.86666666666667
Madhya Pradesh,Rural,Average tendency to quit tobacco in the last 12 months,28.033333333333335
Rajasthan,Rural,Average tendency to quit tobacco in the last 12 months,44.80000000000001
Jharkhand,Rural,Average tendency to quit tobacco in the last 12 months,16.3
Chandigarh,Total,Average tendency to quit tobacco in the last 12 months,13.049999999999999
Madhya Pradesh,Total,Average tendency to quit tobacco in the last 12 months,26.783333333333335
Telangana,Total,Average tendency to quit tobacco in the last 12 months,20.916666666666668
Goa,Total,Average tendency to quit tobacco in the last 12 months,18.2
Andhra Pradesh,Total,Average tendency to quit tobacco in the last 12 months,25.316666666666666
Sikkim,Rural,Average tendency to quit tobacco in the last 12 months,42.51666666666666
Kerala,Urban,Average tendency to quit tobacco in the last 12 months,26.099999999999998
Goa,Urban,Average tendency to quit tobacco in the last 12 months,24.666666666666668
Uttar Pradesh,Urban,Average tendency to quit tobacco in the last 12 months,9.049999999999999
Punjab,Rural,Average tendency to quit tobacco in the last 12 months,22.349999999999998
Delhi,Urban,Average tendency to quit tobacco in the last 12 months,13.416666666666666
Karnataka,Total,Average tendency to quit tobacco in the last 12 months,49.96666666666667
Meghalaya,Urban,Average tendency to quit tobacco in the last 12 months,49.949999999999996
Manipur,Urban,Average tendency to quit tobacco in the last 12 months,48.650000000000006
Rajasthan,Urban,Average tendency to quit tobacco in the last 12 months,17.383333333333333
Madhya Pradesh,Urban,Average tendency to quit tobacco in the last 12 months,15.616666666666667
Delhi,Rural,Average tendency to quit tobacco in the last 12 months,14.016666666666667
Chhattisgarh,Urban,Average tendency to quit tobacco in the last 12 months,33.21666666666667
Bihar,Urban,Average tendency to quit tobacco in the last 12 months,16.400000000000002
Chandigarh,Rural,Average tendency to quit tobacco in the last 12 months,44.5
Jammu and Kashmir,Rural,Average tendency to quit tobacco in the last 12 months,-1.0
Jammu and Kashmir,Urban,Average tendency to quit tobacco in the last 12 months,-1.0
Jammu and Kashmir,Total,Average tendency to quit tobacco in the last 12 months,-1.0
Dadra and Daman and Diu,Rural,Average tendency to quit tobacco in the last 12 months,-1.0
Dadra and Daman and Diu,Urban,Average tendency to quit tobacco in the last 12 months,-1.0
Dadra and Daman and Diu,Total,Average tendency to quit tobacco in the last 12 months,-1.0
Arunachal Pradesh,Urban,Average median age of tobacco initiation,8.633333333333333
Telangana,Rural,Average median age of tobacco initiation,11.866666666666667
Uttarakhand,Urban,Average median age of tobacco initiation,7.233333333333333
Karnataka,Rural,Average median age of tobacco initiation,12.033333333333333
Andhra Pradesh,Urban,Average median age of tobacco initiation,11.4
Mizoram,Total,Average median age of tobacco initiation,10.9
Nagaland,Total,Average median age of tobacco initiation,10.5
Andhra Pradesh,Rural,Average median age of tobacco initiation,11.799999999999999
Arunachal Pradesh,Total,Average median age of tobacco initiation,8.6
Odisha,Rural,Average median age of tobacco initiation,10.700000000000001
Meghalaya,Total,Average median age of tobacco initiation,11.799999999999999
Odisha,Urban,Average median age of tobacco initiation,10.166666666666666
Puducherry,Urban,Average median age of tobacco initiation,11.299999999999999
Arunachal Pradesh,Rural,Average median age of tobacco initiation,8.166666666666666
Manipur,Rural,Average median age of tobacco initiation,15.033333333333331
Tripura,Rural,Average median age of tobacco initiation,9.0
Tamil Nadu,Rural,Average median age of tobacco initiation,9.233333333333333
Sikkim,Total,Average median age of tobacco initiation,12.566666666666668
Manipur,Total,Average median age of tobacco initiation,10.966666666666669
Andaman and Nicobar Islands,Rural,Average median age of tobacco initiation,11.633333333333335
Himachal Pradesh,Total,Average median age of tobacco initiation,10.800000000000002
Uttar Pradesh,Total,Average median age of tobacco initiation,8.4
Telangana,Urban,Average median age of tobacco initiation,12.700000000000001
Tamil Nadu,Urban,Average median age of tobacco initiation,10.6
Puducherry,Rural,Average median age of tobacco initiation,11.533333333333333
Mizoram,Urban,Average median age of tobacco initiation,10.933333333333332
Tripura,Urban,Average median age of tobacco initiation,11.899999999999999
Uttarakhand,Total,Average median age of tobacco initiation,7.166666666666667
Jharkhand,Total,Average median age of tobacco initiation,9.266666666666666
West Bengal,Urban,Average median age of tobacco initiation,12.233333333333334
Himachal Pradesh,Urban,Average median age of tobacco initiation,9.333333333333334
Lakshadweep,Urban,Average median age of tobacco initiation,12.5
Nagaland,Urban,Average median age of tobacco initiation,10.933333333333332
Lakshadweep,Total,Average median age of tobacco initiation,12.5
Uttarakhand,Rural,Average median age of tobacco initiation,7.3
Tripura,Total,Average median age of tobacco initiation,9.1
Bihar,Total,Average median age of tobacco initiation,7.8
Assam,Urban,Average median age of tobacco initiation,13.633333333333335
Andaman and Nicobar Islands,Total,Average median age of tobacco initiation,11.9
Chhattisgarh,Total,Average median age of tobacco initiation,8.2
Maharashtra,Urban,Average median age of tobacco initiation,10.833333333333334
Meghalaya,Rural,Average median age of tobacco initiation,11.933333333333332
Jharkhand,Urban,Average median age of tobacco initiation,10.266666666666667
Himachal Pradesh,Rural,Average median age of tobacco initiation,10.766666666666666
Goa,Rural,Average median age of tobacco initiation,12.133333333333333
Gujarat,Rural,Average median age of tobacco initiation,9.666666666666666
Andaman and Nicobar Islands,Urban,Average median age of tobacco initiation,12.833333333333334
Odisha,Total,Average median age of tobacco initiation,10.633333333333333
West Bengal,Total,Average median age of tobacco initiation,12.533333333333331
Gujarat,Urban,Average median age of tobacco initiation,11.933333333333332
Delhi,Total,Average median age of tobacco initiation,9.133333333333333
Sikkim,Urban,Average median age of tobacco initiation,12.566666666666668
Maharashtra,Total,Average median age of tobacco initiation,10.2
Assam,Total,Average median age of tobacco initiation,10.366666666666665
Uttar Pradesh,Rural,Average median age of tobacco initiation,8.4
Mizoram,Rural,Average median age of tobacco initiation,10.9
West Bengal,Rural,Average median age of tobacco initiation,12.6
Haryana,Rural,Average median age of tobacco initiation,9.633333333333335
Tamil Nadu,Total,Average median age of tobacco initiation,10.066666666666666
Gujarat,Total,Average median age of tobacco initiation,10.033333333333333
Kerala,Total,Average median age of tobacco initiation,11.766666666666666
Nagaland,Rural,Average median age of tobacco initiation,10.200000000000001
Lakshadweep,Rural,Average median age of tobacco initiation,12.366666666666667
Punjab,Urban,Average median age of tobacco initiation,9.833333333333334
Haryana,Urban,Average median age of tobacco initiation,9.533333333333333
Punjab,Total,Average median age of tobacco initiation,7.833333333333333
Karnataka,Urban,Average median age of tobacco initiation,10.200000000000001
Assam,Rural,Average median age of tobacco initiation,10.166666666666666
Bihar,Rural,Average median age of tobacco initiation,7.666666666666667
Puducherry,Total,Average median age of tobacco initiation,11.233333333333334
Rajasthan,Total,Average median age of tobacco initiation,11.733333333333334
Maharashtra,Rural,Average median age of tobacco initiation,9.733333333333333
Chandigarh,Urban,Average median age of tobacco initiation,9.333333333333334
Haryana,Total,Average median age of tobacco initiation,9.666666666666666
Chhattisgarh,Rural,Average median age of tobacco initiation,8.1
Kerala,Rural,Average median age of tobacco initiation,11.799999999999999
Madhya Pradesh,Rural,Average median age of tobacco initiation,8.366666666666667
Rajasthan,Rural,Average median age of tobacco initiation,11.733333333333334
Jharkhand,Rural,Average median age of tobacco initiation,9.066666666666666
Chandigarh,Total,Average median age of tobacco initiation,9.366666666666665
Madhya Pradesh,Total,Average median age of tobacco initiation,8.4
Telangana,Total,Average median age of tobacco initiation,11.933333333333332
Goa,Total,Average median age of tobacco initiation,12.1
Andhra Pradesh,Total,Average median age of tobacco initiation,11.866666666666667
Sikkim,Rural,Average median age of tobacco initiation,12.533333333333333
Kerala,Urban,Average median age of tobacco initiation,11.566666666666668
Goa,Urban,Average median age of tobacco initiation,12.0
Uttar Pradesh,Urban,Average median age of tobacco initiation,9.033333333333333
Punjab,Rural,Average median age of tobacco initiation,7.833333333333333
Delhi,Urban,Average median age of tobacco initiation,9.1
Karnataka,Total,Average median age of tobacco initiation,12.033333333333333
Meghalaya,Urban,Average median age of tobacco initiation,11.133333333333335
Manipur,Urban,Average median age of tobacco initiation,12.1
Rajasthan,Urban,Average median age of tobacco initiation,12.233333333333333
Madhya Pradesh,Urban,Average median age of tobacco initiation,11.033333333333333
Delhi,Rural,Average median age of tobacco initiation,10.266666666666667
Chhattisgarh,Urban,Average median age of tobacco initiation,10.1
Bihar,Urban,Average median age of tobacco initiation,7.766666666666667
Chandigarh,Rural,Average median age of tobacco initiation,2.1666666666666665
Jammu and Kashmir,Rural,Average median age of tobacco initiation,-1.0
Jammu and Kashmir,Urban,Average median age of tobacco initiation,-1.0
Jammu and Kashmir,Total,Average median age of tobacco initiation,-1.0
Dadra and Daman and Diu,Rural,Average median age of tobacco initiation,-1.0
Dadra and Daman and Diu,Urban,Average median age of tobacco initiation,-1.0
Dadra and Daman and Diu,Total,Average median age of tobacco initiation,-1.0
Arunachal Pradesh,Urban,Ever tobacco users,40.68571428571429
Telangana,Rural,Ever tobacco users,4.385714285714285
Uttarakhand,Urban,Ever tobacco users,20.400000000000002
Karnataka,Rural,Ever tobacco users,1.6714285714285713
Andhra Pradesh,Urban,Ever tobacco users,1.8142857142857145
Mizoram,Total,Ever tobacco users,53.885714285714286
Nagaland,Total,Ever tobacco users,38.97142857142857
Andhra Pradesh,Rural,Ever tobacco users,3.985714285714285
Arunachal Pradesh,Total,Ever tobacco users,41.357142857142854
Odisha,Rural,Ever tobacco users,7.885714285714285
Meghalaya,Total,Ever tobacco users,26.999999999999996
Odisha,Urban,Ever tobacco users,7.1428571428571415
Puducherry,Urban,Ever tobacco users,4.557142857142857
Arunachal Pradesh,Rural,Ever tobacco users,42.542857142857144
Manipur,Rural,Ever tobacco users,19.128571428571426
Tripura,Rural,Ever tobacco users,11.114285714285714
Tamil Nadu,Rural,Ever tobacco users,5.328571428571429
Sikkim,Total,Ever tobacco users,24.585714285714285
Manipur,Total,Ever tobacco users,19.414285714285715
Andaman and Nicobar Islands,Rural,Ever tobacco users,11.414285714285715
Himachal Pradesh,Total,Ever tobacco users,10.685714285714287
Uttar Pradesh,Total,Ever tobacco users,15.157142857142857
Telangana,Urban,Ever tobacco users,4.085714285714286
Tamil Nadu,Urban,Ever tobacco users,7.014285714285713
Puducherry,Rural,Ever tobacco users,5.857142857142857
Mizoram,Urban,Ever tobacco users,54.385714285714286
Tripura,Urban,Ever tobacco users,5.528571428571429
Uttarakhand,Total,Ever tobacco users,15.185714285714285
Jharkhand,Total,Ever tobacco users,10.428571428571429
West Bengal,Urban,Ever tobacco users,7.471428571428571
Himachal Pradesh,Urban,Ever tobacco users,4.514285714285714
Lakshadweep,Urban,Ever tobacco users,6.342857142857143
Nagaland,Urban,Ever tobacco users,35.02857142857143
Lakshadweep,Total,Ever tobacco users,10.514285714285716
Uttarakhand,Rural,Ever tobacco users,13.14285714285714
Tripura,Total,Ever tobacco users,10.514285714285716
Bihar,Total,Ever tobacco users,8.228571428571428
Assam,Urban,Ever tobacco users,6.957142857142857
Andaman and Nicobar Islands,Total,Ever tobacco users,9.042857142857144
Chhattisgarh,Total,Ever tobacco users,8.414285714285715
Maharashtra,Urban,Ever tobacco users,7.057142857142858
Meghalaya,Rural,Ever tobacco users,25.514285714285712
Jharkhand,Urban,Ever tobacco users,4.3999999999999995
Himachal Pradesh,Rural,Ever tobacco users,11.514285714285714
Goa,Rural,Ever tobacco users,3.914285714285714
Gujarat,Rural,Ever tobacco users,7.414285714285713
Andaman and Nicobar Islands,Urban,Ever tobacco users,5.385714285714286
Odisha,Total,Ever tobacco users,7.757142857142857
West Bengal,Total,Ever tobacco users,7.771428571428571
Gujarat,Urban,Ever tobacco users,4.628571428571428
Delhi,Total,Ever tobacco users,8.557142857142859
Sikkim,Urban,Ever tobacco users,26.314285714285717
Maharashtra,Total,Ever tobacco users,7.157142857142857
Assam,Total,Ever tobacco users,7.685714285714285
Uttar Pradesh,Rural,Ever tobacco users,17.114285714285714
Mizoram,Rural,Ever tobacco users,53.199999999999996
West Bengal,Rural,Ever tobacco users,7.814285714285714
Haryana,Rural,Ever tobacco users,3.514285714285714
Tamil Nadu,Total,Ever tobacco users,6.114285714285714
Gujarat,Total,Ever tobacco users,6.7
Kerala,Total,Ever tobacco users,6.357142857142856
Nagaland,Rural,Ever tobacco users,42.14285714285715
Lakshadweep,Rural,Ever tobacco users,11.614285714285714
Punjab,Urban,Ever tobacco users,3.1714285714285713
Haryana,Urban,Ever tobacco users,5.42857142857143
Punjab,Total,Ever tobacco users,5.700000000000001
Karnataka,Urban,Ever tobacco users,0.042857142857142864
Assam,Rural,Ever tobacco users,7.757142857142857
Bihar,Rural,Ever tobacco users,8.285714285714286
Puducherry,Total,Ever tobacco users,4.557142857142857
Rajasthan,Total,Ever tobacco users,5.828571428571428
Maharashtra,Rural,Ever tobacco users,7.228571428571428
Chandigarh,Urban,Ever tobacco users,4.314285714285714
Haryana,Total,Ever tobacco users,4.385714285714285
Chhattisgarh,Rural,Ever tobacco users,8.528571428571428
Kerala,Rural,Ever tobacco users,6.8571428571428585
Madhya Pradesh,Rural,Ever tobacco users,4.642857142857143
Rajasthan,Rural,Ever tobacco users,6.5
Jharkhand,Rural,Ever tobacco users,11.442857142857141
Chandigarh,Total,Ever tobacco users,4.328571428571429
Madhya Pradesh,Total,Ever tobacco users,4.571428571428572
Telangana,Total,Ever tobacco users,4.214285714285714
Goa,Total,Ever tobacco users,3.9
Andhra Pradesh,Total,Ever tobacco users,3.228571428571428
Sikkim,Rural,Ever tobacco users,21.914285714285715
Kerala,Urban,Ever tobacco users,3.571428571428572
Goa,Urban,Ever tobacco users,3.1857142857142855
Uttar Pradesh,Urban,Ever tobacco users,2.7428571428571433
Punjab,Rural,Ever tobacco users,6.742857142857142
Delhi,Urban,Ever tobacco users,8.657142857142857
Karnataka,Total,Ever tobacco users,1.6714285714285713
Meghalaya,Urban,Ever tobacco users,32.142857142857146
Manipur,Urban,Ever tobacco users,20.12857142857143
Rajasthan,Urban,Ever tobacco users,2.042857142857143
Madhya Pradesh,Urban,Ever tobacco users,4.1
Delhi,Rural,Ever tobacco users,5.442857142857142
Chhattisgarh,Urban,Ever tobacco users,7.7714285714285705
Bihar,Urban,Ever tobacco users,7.071428571428571
Chandigarh,Rural,Ever tobacco users,4.442857142857143
Jammu and Kashmir,Rural,Ever tobacco users,-1.0
Jammu and Kashmir,Urban,Ever tobacco users,-1.0
Jammu and Kashmir,Total,Ever tobacco users,-1.0
Dadra and Daman and Diu,Rural,Ever tobacco users,-1.0
Dadra and Daman and Diu,Urban,Ever tobacco users,-1.0
Dadra and Daman and Diu,Total,Ever tobacco users,-1.0
Arunachal Pradesh,Urban,Current tobacco users,48.879999999999995
Telangana,Rural,Current tobacco users,3.2
Uttarakhand,Urban,Current tobacco users,13.9
Karnataka,Rural,Current tobacco users,0.68
Andhra Pradesh,Urban,Current tobacco users,0.41999999999999993
Mizoram,Total,Current tobacco users,34.94
Nagaland,Total,Current tobacco users,29.080000000000002
Andhra Pradesh,Rural,Current tobacco users,1.98
Arunachal Pradesh,Total,Current tobacco users,48.78000000000001
Odisha,Rural,Current tobacco users,3.4599999999999995
Meghalaya,Total,Current tobacco users,23.66
Odisha,Urban,Current tobacco users,2.78
Puducherry,Urban,Current tobacco users,1.7
Arunachal Pradesh,Rural,Current tobacco users,48.66000000000001
Manipur,Rural,Current tobacco users,12.899999999999997
Tripura,Rural,Current tobacco users,4.640000000000001
Tamil Nadu,Rural,Current tobacco users,1.9400000000000002
Sikkim,Total,Current tobacco users,17.6
Manipur,Total,Current tobacco users,12.059999999999999
Andaman and Nicobar Islands,Rural,Current tobacco users,2.72
Himachal Pradesh,Total,Current tobacco users,0.44000000000000006
Uttar Pradesh,Total,Current tobacco users,12.12
Telangana,Urban,Current tobacco users,2.74
Tamil Nadu,Urban,Current tobacco users,3.9799999999999995
Puducherry,Rural,Current tobacco users,1.58
Mizoram,Urban,Current tobacco users,36.61999999999999
Tripura,Urban,Current tobacco users,1.3199999999999998
Uttarakhand,Total,Current tobacco users,10.24
Jharkhand,Total,Current tobacco users,2.84
West Bengal,Urban,Current tobacco users,3.6799999999999997
Himachal Pradesh,Urban,Current tobacco users,0.6799999999999999
Lakshadweep,Urban,Current tobacco users,3.7
Nagaland,Urban,Current tobacco users,24.359999999999996
Lakshadweep,Total,Current tobacco users,4.9799999999999995
Uttarakhand,Rural,Current tobacco users,8.779999999999998
Tripura,Total,Current tobacco users,4.24
Bihar,Total,Current tobacco users,3.8600000000000003
Assam,Urban,Current tobacco users,3.9200000000000004
Andaman and Nicobar Islands,Total,Current tobacco users,2.3600000000000003
Chhattisgarh,Total,Current tobacco users,4.84
Maharashtra,Urban,Current tobacco users,3.4400000000000004
Meghalaya,Rural,Current tobacco users,24.54
Jharkhand,Urban,Current tobacco users,1.4
Himachal Pradesh,Rural,Current tobacco users,0.44000000000000006
Goa,Rural,Current tobacco users,1.26
Gujarat,Rural,Current tobacco users,4.42
Andaman and Nicobar Islands,Urban,Current tobacco users,1.86
Odisha,Total,Current tobacco users,3.34
West Bengal,Total,Current tobacco users,4.36
Gujarat,Urban,Current tobacco users,1.9600000000000002
Delhi,Total,Current tobacco users,4.4
Sikkim,Urban,Current tobacco users,19.2
Maharashtra,Total,Current tobacco users,2.9
Assam,Total,Current tobacco users,7.0
Uttar Pradesh,Rural,Current tobacco users,13.8
Mizoram,Rural,Current tobacco users,32.7
West Bengal,Rural,Current tobacco users,4.4399999999999995
Haryana,Rural,Current tobacco users,1.28
Tamil Nadu,Total,Current tobacco users,2.8999999999999995
Gujarat,Total,Current tobacco users,3.8
Kerala,Total,Current tobacco users,1.9600000000000002
Nagaland,Rural,Current tobacco users,32.86
Lakshadweep,Rural,Current tobacco users,5.279999999999999
Punjab,Urban,Current tobacco users,1.52
Haryana,Urban,Current tobacco users,2.94
Punjab,Total,Current tobacco users,3.78
Karnataka,Urban,Current tobacco users,0.0
Assam,Rural,Current tobacco users,7.26
Bihar,Rural,Current tobacco users,3.7999999999999994
Puducherry,Total,Current tobacco users,1.7
Rajasthan,Total,Current tobacco users,3.8
Maharashtra,Rural,Current tobacco users,2.34
Chandigarh,Urban,Current tobacco users,1.58
Haryana,Total,Current tobacco users,1.92
Chhattisgarh,Rural,Current tobacco users,4.92
Kerala,Rural,Current tobacco users,2.1399999999999997
Madhya Pradesh,Rural,Current tobacco users,2.66
Rajasthan,Rural,Current tobacco users,4.36
Jharkhand,Rural,Current tobacco users,3.1
Chandigarh,Total,Current tobacco users,1.5799999999999998
Madhya Pradesh,Total,Current tobacco users,2.5
Telangana,Total,Current tobacco users,2.94
Goa,Total,Current tobacco users,1.1800000000000002
Andhra Pradesh,Total,Current tobacco users,1.48
Sikkim,Rural,Current tobacco users,15.12
Kerala,Urban,Current tobacco users,1.06
Goa,Urban,Current tobacco users,1.04
Uttar Pradesh,Urban,Current tobacco users,1.2999999999999998
Punjab,Rural,Current tobacco users,4.699999999999999
Delhi,Urban,Current tobacco users,4.46
Karnataka,Total,Current tobacco users,0.68
Meghalaya,Urban,Current tobacco users,20.700000000000003
Manipur,Urban,Current tobacco users,9.819999999999999
Rajasthan,Urban,Current tobacco users,0.5199999999999999
Madhya Pradesh,Urban,Current tobacco users,1.56
Delhi,Rural,Current tobacco users,2.7199999999999998
Chhattisgarh,Urban,Current tobacco users,4.4
Bihar,Urban,Current tobacco users,4.7
Chandigarh,Rural,Current tobacco users,1.64
Jammu and Kashmir,Rural,Current tobacco users,-1.0
Jammu and Kashmir,Urban,Current tobacco users,-1.0
Jammu and Kashmir,Total,Current tobacco users,-1.0
Dadra and Daman and Diu,Rural,Current tobacco users,-1.0
Dadra and Daman and Diu,Urban,Current tobacco users,-1.0
Dadra and Daman and Diu,Total,Current tobacco users,-1.0
